住所,公示m2単価円,相続税路線価,地積m2,前面道路幅員m,建蔽率,容積率,交通距離m,lat,lon,位置精度,価格時点年,坪単価万円,用途地域,最寄交通施設,周辺利用状況
浜松市中央区三島町字市八88番1外,70600.0,55000.0,476.0,20.0,60.0,200.0,1700.0,34.688896,137.745956,exact,2026,23.3,都市計画区域外,浜松,店舗、営業所が混在する幹線道路沿いの商業地域
浜松市中央区三方原町1494番3,60500.0,0.0,328.0,7.2,60.0,200.0,10000.0,34.781647,137.711975,exact,2026,20.0,指定なし（用途地域外）,浜松,一般住宅と農地等が混在する郊外の住宅地域
浜松市中央区上島3-23-28,112500.0,85000.0,211.0,6.0,60.0,200.0,400.0,34.737988,137.740402,exact,2026,37.2,白地地域（都市計画区域内未指定）,上島,戸建住宅を中心に事務所等も見られる住宅地域
浜松市中央区上西町字川田26番8,98800.0,75000.0,279.0,6.0,60.0,200.0,3300.0,34.723351,137.758957,exact,2026,32.7,白地地域（都市計画区域内未指定）,浜松,住宅の中に空地が見られる区画整理済の住宅地域
浜松市中央区下池川町20-4,114500.0,90000.0,140.0,25.0,80.0,300.0,1800.0,34.716984,137.727432,exact,2026,37.9,第二種中高層住居専用地域,浜松,小売店舗と事務所等が混在する路線商業地域
浜松市中央区下石田町字中芝間1025番2,67750.0,51000.0,208.0,5.5,60.0,200.0,7400.0,34.7402,137.783447,exact,2026,22.4,白地地域（都市計画区域内未指定）,浜松,一般住宅の中に営業所等が見られる住宅地域
浜松市中央区下石田町字中芝間987番1外,80500.0,62000.0,1377.0,25.0,60.0,200.0,7300.0,34.7402,137.783447,exact,2026,26.6,その他,浜松,店舗のほかに営業所等が混在する路線商業地域
浜松市中央区中央1-8-27,334000.0,235000.0,1472.0,40.0,80.0,300.0,980.0,34.711075,137.73584,exact,2026,110.4,第二種中高層住居専用地域,浜松,マンション、官公署が見られる区画整理済の地域
浜松市中央区中島3-11-9,80600.0,63000.0,231.0,5.5,60.0,200.0,1500.0,34.705391,137.746933,exact,2026,26.6,白地地域（都市計画区域内未指定）,浜松,住宅、アパート、工場等が混在する既成住宅地域
浜松市中央区中沢町2-16,88400.0,69000.0,178.0,5.0,60.0,200.0,2600.0,34.721622,137.728867,exact,2026,29.2,特定用途制限地域など特例,浜松,中規模一般住宅が多い既成の住宅地域
浜松市中央区中郡町字万斛東1815番1,58000.0,0.0,284.0,10.0,60.0,200.0,9700.0,34.773895,137.77951,exact,2026,19.2,指定なし（用途地域外）,浜松,一般住宅のほかに店舗等も見られる住宅地域
浜松市中央区住吉1-15-7,114000.0,89000.0,247.0,4.0,60.0,200.0,3600.0,34.728344,137.724762,exact,2026,37.7,特定用途制限地域など特例,浜松,戸建住宅を中心に共同住宅等も見られる住宅地域
浜松市中央区住吉3-12-31,109000.0,86000.0,577.0,25.0,80.0,300.0,4000.0,34.728344,137.724762,exact,2026,36.0,第二種中高層住居専用地域,浜松,営業所、飲食、物販店舗が建ち並ぶ路線商業地域
浜松市中央区佐藤1-24-2,98700.0,79000.0,153.0,8.0,80.0,200.0,1900.0,34.712879,137.744385,exact,2026,32.6,第二種中高層住居専用地域,浜松,店舗、事務所、住宅等が建ち並ぶ商業地域
浜松市中央区佐藤3-7-6,111000.0,88000.0,182.0,32.0,80.0,300.0,2300.0,34.712879,137.744385,exact,2026,36.7,第二種中高層住居専用地域,浜松,中低層の店舗等が建ち並ぶ路線商業地域
浜松市中央区佐鳴台2-9-5,130000.0,100000.0,249.0,6.0,60.0,200.0,3900.0,34.703594,137.700989,exact,2026,43.0,工業専用地域,浜松,中規模一般住宅が多い区画整然とした住宅地域
浜松市中央区佐鳴台5-11-4,104000.0,79000.0,330.0,6.0,60.0,200.0,4100.0,34.703594,137.700989,exact,2026,34.4,工業専用地域,浜松,中規模一般住宅が多い区画整然とした住宅地域
浜松市中央区元城町216番19,216000.0,170000.0,391.0,36.0,80.0,600.0,1200.0,34.711349,137.726501,exact,2026,71.4,第一種住居地域,浜松,中高層の事務所ビルが建ち並ぶ商業地域
浜松市中央区元浜町32番1,140000.0,105000.0,506.0,30.0,80.0,500.0,1400.0,34.715229,137.732635,exact,2026,46.3,第一種住居地域,浜松,中高層の店舗兼共同住宅等が見られる商業地域
浜松市中央区入野町字彦尾前726番1外,117500.0,93000.0,1204.0,25.0,60.0,200.0,3500.0,34.701485,137.682983,exact,2026,38.8,都市計画区域外,浜松,店舗、事務所が建ち並ぶ郊外の路線商業地域
浜松市中央区入野町字石荒山16416番9外,91100.0,72000.0,239.0,6.0,60.0,200.0,6100.0,34.701485,137.682983,exact,2026,30.1,工業専用地域,浜松,一般住宅が多い丘陵地の区画整理済の住宅地域
浜松市中央区八幡町字五丁目125番2外,115000.0,90000.0,123.0,29.0,80.0,300.0,1400.0,34.715309,137.735886,exact,2026,38.0,第二種中高層住居専用地域,浜松,中低層の店舗兼住宅等が多い駅近くの商業地域
浜松市中央区初生町1336番3,86500.0,68000.0,205.0,5.5,60.0,200.0,8200.0,34.764103,137.727509,exact,2026,28.6,白地地域（都市計画区域内未指定）,浜松,一般住宅が建ち並ぶ利便性のよい住宅地域
浜松市中央区助信町41-37,118000.0,88000.0,185.0,4.5,60.0,200.0,300.0,34.722408,137.735687,exact,2026,39.0,白地地域（都市計画区域内未指定）,助信,一般住宅のほかに事業所等が見られる住宅地域
浜松市中央区北島町字石畑396番1,71950.0,57000.0,187.0,5.5,60.0,200.0,6500.0,34.730206,137.781448,exact,2026,23.8,白地地域（都市計画区域内未指定）,浜松,中小規模の一般住宅が多い郊外の住宅地域
浜松市中央区向宿2-23-12,83650.0,67000.0,172.0,8.0,80.0,200.0,1800.0,34.707256,137.751694,exact,2026,27.7,第二種中高層住居専用地域,浜松,店舗、事務所等が建ち並ぶ国道沿いの商業地域
浜松市中央区和合北4-29-7,77000.0,58000.0,241.0,5.5,60.0,200.0,6100.0,34.736572,137.72084,exact,2026,25.5,工業専用地域,浜松,中規模一般住宅が建ち並ぶ既成の住宅地域
浜松市中央区和合町字村東936番410,61750.0,49000.0,307.0,6.0,40.0,60.0,5800.0,34.741009,137.709732,exact,2026,20.4,準工業地域,浜松,農家と一般住宅が混在し畑も見られる住宅地域
浜松市中央区和地山2-10-15,100000.0,80000.0,240.0,16.0,80.0,200.0,3500.0,34.726784,137.721008,exact,2026,33.1,第二種中高層住居専用地域,浜松,低層店舗のほか、住宅等も見られる路線商業地域
浜松市中央区和地町字下之谷1494番,27650.0,0.0,273.0,6.3,60.0,200.0,12000.0,34.763134,137.651642,exact,2026,9.1,指定なし（用途地域外）,浜松,一般住宅、農家住宅等が建ち並ぶ既成住宅地域
浜松市中央区和田町字木舟前335番1,61000.0,48000.0,474.0,5.0,60.0,200.0,4400.0,34.71899,137.769852,exact,2026,20.2,準住居地域,浜松,小規模工場、住宅等が混在する工業地域
浜松市中央区大久保町1349番10,33800.0,0.0,3689.0,12.0,60.0,200.0,9500.0,34.719414,137.653656,exact,2026,11.2,第二種住居地域,浜松,中小規模の工場が建ち並ぶ工業団地
浜松市中央区大工町303番16,163000.0,135000.0,142.0,20.0,80.0,500.0,800.0,34.704445,137.727768,exact,2026,53.9,第一種住居地域,浜松,低層の店舗、事務所等が混在する路線商業地域
浜松市中央区大平台4-10-23,119000.0,95000.0,297.0,6.0,60.0,200.0,6500.0,34.717857,137.686966,exact,2026,39.3,工業専用地域,浜松,一般住宅が多い高台の区画整理済の住宅地域
浜松市中央区大蒲町90番2,91450.0,73000.0,193.0,6.0,60.0,200.0,3500.0,34.714752,137.767471,exact,2026,30.2,白地地域（都市計画区域内未指定）,浜松,一般住宅等が建ち並ぶ区画整理済の住宅地域
浜松市中央区天龍川町字袴揃884番,83200.0,64000.0,205.0,5.0,60.0,200.0,750.0,34.720547,137.778946,exact,2026,27.5,白地地域（都市計画区域内未指定）,天竜川,一般住宅が多い天竜川駅周辺の既成住宅地域
浜松市中央区富塚町字狸谷2961番30,92700.0,71000.0,264.0,6.0,50.0,80.0,5500.0,34.726589,137.700714,exact,2026,30.6,準工業地域,浜松,中規模住宅が多い区画整然とした住宅地域
浜松市中央区寺島町字十王西214番2,96150.0,76000.0,111.0,6.0,80.0,300.0,700.0,34.698948,137.738113,exact,2026,31.8,第二種中高層住居専用地域,浜松,店舗併用住宅、一般住宅等が混在する商業地域
浜松市中央区将監町字二丁目24番17,103000.0,78000.0,241.0,6.0,60.0,200.0,3000.0,34.715042,137.755798,exact,2026,34.0,白地地域（都市計画区域内未指定）,浜松,一般住宅が多い区画整然とした住宅地域
浜松市中央区小池町字江原1603番1外,79700.0,63000.0,185.0,4.5,60.0,200.0,200.0,34.747826,137.758209,exact,2026,26.3,田園住居地域,自動車学校前,中小規模の一般住宅が多い私鉄沿線の住宅地域
浜松市中央区山下町字山下94番2,110500.0,87000.0,129.0,12.0,80.0,400.0,1500.0,34.716316,137.73053,exact,2026,36.5,第一種住居地域,浜松,店舗、事務所、住宅が建ち並ぶ近隣商業地域
浜松市中央区山手町37-3,166000.0,125000.0,377.0,8.0,60.0,200.0,3500.0,34.708199,137.705322,exact,2026,54.9,工業専用地域,浜松,中規模住宅が建ち並ぶ高台の閑静な住宅地域
浜松市中央区市野町字別所1953番3,65000.0,0.0,198.0,5.4,60.0,200.0,7100.0,34.748096,137.77211,exact,2026,21.5,指定なし（用途地域外）,浜松,一般住宅、農家住宅等が建ち並ぶ住宅地域
浜松市中央区市野町字場惣免1422番5,75250.0,57000.0,165.0,4.2,60.0,200.0,6900.0,34.748096,137.77211,exact,2026,24.9,白地地域（都市計画区域内未指定）,浜松,一般住宅、アパート等が見られる郊外の住宅地域
浜松市中央区布橋2-2-25,90750.0,72000.0,169.0,4.2,60.0,200.0,3000.0,34.719868,137.720322,exact,2026,30.0,白地地域（都市計画区域内未指定）,浜松,一般住宅が建ち並ぶ文教施設に近い既成住宅地域
浜松市中央区幸1-4-19,104000.0,82000.0,231.0,13.3,80.0,200.0,5200.0,34.739864,137.725037,exact,2026,34.4,第二種中高層住居専用地域,浜松,店舗併用住宅等が建ち並ぶ国道沿いの商業地域
浜松市中央区幸2-37-10,83000.0,65000.0,287.0,4.5,40.0,60.0,4400.0,34.739864,137.725037,exact,2026,27.4,準工業地域,浜松,中規模一般住宅が建ち並ぶ高台の閑静な住宅地域
浜松市中央区幸4-24-9,83100.0,66000.0,231.0,4.5,60.0,200.0,5300.0,34.739864,137.725037,exact,2026,27.5,工業専用地域,浜松,中規模一般住宅が建ち並ぶ郊外の住宅地域
浜松市中央区広沢2-43-32,147500.0,110000.0,324.0,5.4,60.0,200.0,3600.0,34.715424,137.717972,exact,2026,48.8,工業専用地域,浜松,中規模一般住宅が多い環境の良い住宅地域
浜松市中央区志都呂2-11-8,111000.0,87000.0,1958.0,27.0,80.0,200.0,8000.0,34.698349,137.660233,exact,2026,36.7,第二種中高層住居専用地域,浜松,大規模な小売店舗等が建ち並ぶ路線商業地域
浜松市中央区新津町字北浦176番,90750.0,85000.0,2357.0,10.5,60.0,200.0,350.0,34.721863,137.741684,exact,2026,30.0,白地地域（都市計画区域内未指定）,助信,マンション、事業所等が混在する住宅地域
浜松市中央区早出町1222番6,93150.0,71000.0,193.0,6.0,60.0,200.0,3900.0,34.733162,137.749298,exact,2026,30.8,白地地域（都市計画区域内未指定）,浜松,中小規模の一般住宅等が建ち並ぶ住宅地域
浜松市中央区曳馬3-24-4,91700.0,72000.0,222.0,4.0,60.0,200.0,3600.0,34.72805,137.738464,exact,2026,30.3,白地地域（都市計画区域内未指定）,浜松,一般住宅が多い区画整然とした既成住宅地域
浜松市中央区有玉北町字上瀬1187番1外,87350.0,0.0,2154.0,22.0,60.0,200.0,6900.0,34.767532,137.753937,exact,2026,28.9,指定なし（用途地域外）,浜松,低層店舗等が建ち並ぶ国道沿いの路線商業地域
浜松市中央区有玉台3-6-5,86750.0,66000.0,214.0,6.0,60.0,200.0,7800.0,34.760178,137.73912,exact,2026,28.7,工業専用地域,浜松,一般住宅が建ち並ぶ区画整理済の住宅地域
浜松市中央区本郷町字祢宜島1359番8外,76300.0,60000.0,291.0,6.0,60.0,200.0,3100.0,34.697372,137.762314,exact,2026,25.2,特定用途制限地域など特例,浜松,一般住宅を中心とする区画整理済の住宅地域
浜松市中央区村櫛町字保令3854番2外,22500.0,0.0,276.0,5.5,60.0,200.0,17000.0,34.734631,137.59465,exact,2026,7.4,白地地域（都市計画区域内未指定）,浜松,一般住宅のほか空地等も見られる住宅地域
浜松市中央区東伊場2-6-7,109000.0,86000.0,221.0,25.5,80.0,300.0,1800.0,34.700596,137.713501,exact,2026,36.0,第二種中高層住居専用地域,浜松,店舗、事務所が建ち並ぶ路線商業地域
浜松市中央区東若林町670番1,67350.0,51000.0,178.0,4.0,60.0,200.0,3200.0,34.689426,137.712189,exact,2026,22.3,白地地域（都市計画区域内未指定）,浜松,中規模の一般住宅が多い既成住宅地域
浜松市中央区東若林町8番,89850.0,72000.0,589.0,20.0,60.0,200.0,2200.0,34.689426,137.712189,exact,2026,29.7,田園住居地域,浜松,自動車関連の店舗等が建ち並ぶ路線商業地域
浜松市中央区板屋町102番13外,270000.0,205000.0,396.0,10.0,80.0,600.0,500.0,34.706654,137.735123,exact,2026,89.3,第一種住居地域,浜松,中層の店舗、事務所が建ち並ぶ商業地域
浜松市中央区森田町字畷東60番外,48900.0,39000.0,1761.0,6.0,60.0,200.0,2200.0,34.694099,137.717575,exact,2026,16.2,準住居地域,浜松,倉庫、工場、住宅等が混在する工業地域
浜松市中央区池町221番11,168500.0,130000.0,160.0,12.5,80.0,600.0,900.0,34.709515,137.72963,exact,2026,55.7,第一種住居地域,浜松,低層の店舗併用住宅が建ち並ぶ既成商業地域
浜松市中央区泉3-2-18,78350.0,61000.0,189.0,4.0,60.0,200.0,5700.0,34.739109,137.721542,exact,2026,25.9,田園住居地域,浜松,一般住宅を中心に事業所等も混在する住宅地域
浜松市中央区流通元町16-2,52900.0,41000.0,1836.0,16.0,60.0,200.0,8100.0,34.744507,137.789444,exact,2026,17.5,田園住居地域,浜松,倉庫、配送センターが建ち並ぶ流通業務地域
浜松市中央区海老塚2-21-12,93600.0,73000.0,236.0,6.5,60.0,200.0,1100.0,34.699268,137.729996,exact,2026,30.9,白地地域（都市計画区域内未指定）,浜松,一般住宅、アパート等が混在する既成住宅地域
浜松市中央区渡瀬町字村前98番4,74050.0,59000.0,202.0,5.0,60.0,200.0,2700.0,34.706341,137.760956,exact,2026,24.5,白地地域（都市計画区域内未指定）,浜松,一般住宅が建ち並ぶ利便性の良い住宅地域
浜松市中央区湖東町字気賀谷1169番43,44400.0,0.0,274.0,6.0,60.0,200.0,11000.0,34.759209,137.674332,exact,2026,14.7,指定なし（用途地域外）,浜松,中規模一般住宅が建ち並ぶ郊外の住宅地域
浜松市中央区瓜内町字西川原361番7,64050.0,49000.0,169.0,5.0,60.0,200.0,1700.0,34.68808,137.735077,exact,2026,21.2,白地地域（都市計画区域内未指定）,浜松,中小規模の一般住宅が多い既成住宅地域
浜松市中央区田町231番4,166000.0,130000.0,312.0,6.0,80.0,600.0,900.0,34.708363,137.730972,exact,2026,54.9,第一種住居地域,浜松,中低層の店舗、事務所等が建ち並ぶ商業地域
浜松市中央区白鳥町字壱町田986番,45300.0,0.0,283.0,7.5,60.0,200.0,8500.0,34.744129,137.802048,exact,2026,15.0,指定なし（用途地域外）,浜松,一般住宅、事業所が見られる住宅地域
浜松市中央区相生町15-5,95950.0,76000.0,175.0,19.0,80.0,400.0,1700.0,34.708038,137.746826,exact,2026,31.7,第一種住居地域,浜松,営業所、店舗等が建ち並ぶ国道沿いの商業地域
浜松市中央区砂山町325番8外,460000.0,350000.0,121.0,18.0,80.0,600.0,0.0,34.7019,137.734604,exact,2026,152.1,第一種住居地域,浜松,中高層事務所等が建ち並ぶ駅南口接面の商業地域
浜松市中央区砂山町336番4,135000.0,105000.0,192.0,25.0,80.0,500.0,440.0,34.7019,137.734604,exact,2026,44.6,第一種住居地域,浜松,中低層の事務所ビル等が見られる商業地域
浜松市中央区砂山町353番3外,260500.0,200000.0,339.0,25.0,80.0,500.0,170.0,34.7019,137.734604,exact,2026,86.1,第一種住居地域,浜松,中高層事務所ビル、ホテル等が建ち並ぶ商業地域
浜松市中央区神ケ谷町字東4421番,34900.0,0.0,249.0,4.0,60.0,200.0,7200.0,34.723148,137.678253,exact,2026,11.5,指定なし（用途地域外）,浜松,農家住宅、一般住宅等が混在する既成住宅地域
浜松市中央区神田町字中畑136番6外,75950.0,59000.0,132.0,5.0,60.0,200.0,1800.0,34.686474,137.721649,exact,2026,25.1,白地地域（都市計画区域内未指定）,浜松,一般住宅のほかに医院等が見られる住宅地域
浜松市中央区篠ケ瀬町字下堀前95番,87400.0,68000.0,142.0,7.0,60.0,200.0,5700.0,34.727535,137.775284,exact,2026,28.9,白地地域（都市計画区域内未指定）,浜松,一般住宅の中に営業所等が見られる住宅地域
浜松市中央区篠原町字與久1794番2,41500.0,33000.0,198.0,4.0,60.0,200.0,7700.0,34.68391,137.6642,exact,2026,13.7,白地地域（都市計画区域内未指定）,浜松,一般住宅を中心に小工場等も見られる住宅地域
浜松市中央区紺屋町308番4,139000.0,110000.0,312.0,7.0,80.0,500.0,1100.0,34.707516,137.726334,exact,2026,46.0,第一種住居地域,浜松,事務所、マンション等が混在する商業地域
浜松市中央区舘山寺町字阿原2031番9,45150.0,0.0,224.0,10.0,80.0,400.0,15000.0,34.760361,137.620331,exact,2026,14.9,第一種住居地域,浜松,土産物店、飲食店等が建ち並ぶ観光商業地域
浜松市中央区舞阪町浜田164番2外,33150.0,27000.0,179.0,4.7,60.0,200.0,1300.0,34.682407,137.621399,exact,2026,11.0,白地地域（都市計画区域内未指定）,舞阪,一般住宅の中に空地等が見られる住宅地域
浜松市中央区舞阪町舞阪字十王16番2,27900.0,22000.0,191.0,4.0,60.0,200.0,800.0,34.687244,137.615387,exact,2026,9.2,白地地域（都市計画区域内未指定）,弁天島,一般住宅が多い漁港近くの既成住宅地域
浜松市中央区萩丘2-43-10,83100.0,62000.0,205.0,4.0,60.0,200.0,5500.0,34.749565,137.725739,exact,2026,27.5,白地地域（都市計画区域内未指定）,浜松,中規模の一般住宅が多い高台の既成住宅地域
浜松市中央区葵西5-20-40,78300.0,61000.0,148.0,5.3,60.0,200.0,9800.0,34.765339,137.714066,exact,2026,25.9,白地地域（都市計画区域内未指定）,浜松,中小規模の一般住宅が建ち並ぶ郊外の住宅地域
浜松市中央区蜆塚2-13-18,136000.0,105000.0,200.0,6.0,60.0,200.0,3000.0,34.712185,137.71283,exact,2026,45.0,工業専用地域,浜松,一般住宅が建ち並ぶ既成住宅地域
浜松市中央区鍛冶町320番18外,670000.0,510000.0,231.0,36.0,80.0,600.0,500.0,34.70425,137.731903,exact,2026,221.5,第一種住居地域,浜松,中高層ビル、小売店舗が建ち並ぶ中心的商業地域
浜松市中央区雄踏1-18-27,72700.0,58000.0,223.0,6.0,60.0,200.0,8700.0,34.693985,137.64592,exact,2026,24.0,工業専用地域,浜松,一般住宅等が建ち並ぶ区画整理済の住宅地域
浜松市中央区雄踏町宇布見字谷田600番158,55350.0,0.0,221.0,6.2,60.0,200.0,9800.0,34.702011,137.630325,exact,2026,18.3,指定なし（用途地域外）,浜松,住宅が建ち並ぶ高台の区画整然とした住宅地域
浜松市中央区雄踏町宇布見字領家4973番4,54200.0,43000.0,256.0,4.5,60.0,200.0,9600.0,34.702011,137.630325,exact,2026,17.9,特定用途制限地域など特例,浜松,中規模の一般住宅が多い既成住宅地域
浜松市中央区頭陀寺町字三丁目330番21,78500.0,62000.0,214.0,6.0,60.0,200.0,2700.0,34.69873,137.757996,exact,2026,26.0,白地地域（都市計画区域内未指定）,浜松,住宅の中に店舗が見られる区画整理済の住宅地域
浜松市中央区頭陀寺町字三丁目332番19外,73600.0,59000.0,1125.0,30.0,60.0,200.0,2600.0,34.69873,137.757996,exact,2026,24.3,白地地域（都市計画区域内未指定）,浜松,低層の店舗、一般住宅等が見られる路線商業地域
浜松市中央区馬郡町字新出来道4204番1外,39400.0,32000.0,224.0,5.1,60.0,200.0,700.0,34.686382,137.633194,exact,2026,13.0,白地地域（都市計画区域内未指定）,舞阪,住宅の中に農地等も見られる郊外の住宅地域
浜松市中央区高丘東1-9-37,66050.0,52000.0,1493.0,12.0,60.0,200.0,8300.0,34.755383,137.706955,exact,2026,21.8,準住居地域,浜松,中小工場、倉庫、住宅等が混在する工業地域
浜松市中央区高丘東5-1-26,71000.0,70000.0,13320.0,18.0,60.0,200.0,8100.0,34.755383,137.706955,exact,2026,23.5,白地地域（都市計画区域内未指定）,浜松,住宅団地内の幹線道路沿いの商業地域
浜松市中央区高丘西3-52-21,92250.0,73000.0,382.0,28.0,80.0,200.0,8700.0,34.756447,137.702484,exact,2026,30.5,第二種中高層住居専用地域,浜松,低層の店舗、営業所等が混在する路線商業地域
浜松市中央区高丘西4-7-19,60700.0,47000.0,16551.0,12.0,60.0,200.0,10000.0,34.756447,137.702484,exact,2026,20.1,田園住居地域,浜松,物流関連施設が建ち並ぶ流通業務地域
浜松市中央区高塚町1788番6外,37250.0,29000.0,2244.0,7.0,60.0,200.0,6200.0,34.690266,137.681183,exact,2026,12.3,準住居地域,浜松,中小規模の工場のほかに住宅も見られる工業地域
浜松市中央区高塚町181番1,71300.0,57000.0,223.0,5.4,60.0,200.0,6200.0,34.690266,137.681183,exact,2026,23.6,白地地域（都市計画区域内未指定）,浜松,一般住宅に駐車場等が見られる既成住宅地域
浜松市中央区鴨江1-10-3,119000.0,92000.0,185.0,12.0,80.0,300.0,1400.0,34.702599,137.720932,exact,2026,39.3,第二種中高層住居専用地域,浜松,小規模店舗、住宅等が混在する既成商業地域
浜松市中央区鴨江2-35-37,97200.0,77000.0,149.0,5.5,60.0,200.0,2000.0,34.702599,137.720932,exact,2026,32.1,工業専用地域,浜松,小規模住宅のほかに店舗等が混在する住宅地域
浜松市中央区鴨江4-34-16,88850.0,71000.0,155.0,4.0,60.0,200.0,1800.0,34.702599,137.720932,exact,2026,29.4,工業専用地域,浜松,中小規模の一般住宅が建ち並ぶ既成住宅地域
浜松市中央区鶴見町字堤東1210番38,51350.0,0.0,243.0,9.0,60.0,200.0,5300.0,34.710228,137.793259,exact,2026,17.0,白地地域（都市計画区域内未指定）,浜松,一般住宅が建ち並ぶ卸売市場近くの住宅地域
浜松市中央区龍禅寺町字龍ケ崎592番,79200.0,62000.0,218.0,6.0,60.0,200.0,1500.0,34.696106,137.740295,exact,2026,26.2,都市計画区域外,浜松,一般住宅の中に事業所等が見られる既成住宅地域
浜松市天竜区二俣町二俣字和田1985番外,38100.0,0.0,310.0,6.0,60.0,200.0,350.0,34.864529,137.815796,exact,2026,12.6,都市計画区域外,二俣本町,一般住宅が建ち並ぶ既成住宅地域
浜松市天竜区二俣町二俣字城下1490番,39150.0,0.0,165.0,14.9,80.0,200.0,250.0,34.864529,137.815796,exact,2026,12.9,第二種中高層住居専用地域,二俣本町,店舗、営業所等が見られる国道沿いの商業地域
浜松市天竜区山東字上市場4254番2,33850.0,0.0,195.0,8.0,60.0,200.0,1600.0,34.896603,137.834045,exact,2026,11.2,白地地域（都市計画区域内未指定）,二俣本町,中規模一般住宅の中に空地も見られる住宅地域
浜松市天竜区船明字扇田2520番20,19550.0,0.0,190.0,5.0,60.0,150.0,3000.0,34.890594,137.819458,exact,2026,6.5,工業専用地域,二俣本町,中規模一般住宅が多い郊外の住宅地域
浜松市浜名区三ヶ日町三ヶ日字浜崎578番5外,36250.0,0.0,183.0,6.5,60.0,150.0,600.0,34.80666,137.548767,exact,2026,12.0,特定用途制限地域など特例,三ヶ日,一般住宅の中に空地が見られる閑静な住宅地域
浜松市浜名区三ヶ日町都筑字紺屋門2154番6,25400.0,0.0,175.0,4.5,60.0,150.0,400.0,34.790768,137.580826,exact,2026,8.4,工業専用地域,都筑,一般住宅、農家住宅等が混在する住宅地域
浜松市浜名区中条710番6,70650.0,56000.0,142.0,5.0,60.0,200.0,700.0,34.783016,137.782608,exact,2026,23.4,白地地域（都市計画区域内未指定）,遠州小松,一般住宅の中に空地等が見られる住宅地域
浜松市浜名区中瀬字大平7136番139外,57000.0,0.0,2455.0,22.0,60.0,200.0,770.0,34.828583,137.816498,exact,2026,18.8,白地地域（都市計画区域内未指定）,西鹿島,店舗のほか一般住宅等も見られる郊外の商業地域
浜松市浜名区中瀬字大平7185番9,58700.0,0.0,204.0,5.0,60.0,200.0,500.0,34.828583,137.816498,exact,2026,19.4,白地地域（都市計画区域内未指定）,西鹿島,一般住宅が多い郊外の区画整然とした住宅地域
浜松市浜名区中瀬字大平7776番5外,30300.0,0.0,52863.0,10.0,60.0,200.0,1200.0,34.828583,137.816498,exact,2026,10.0,第二種住居地域,西鹿島,大中規模の工場が建ち並ぶ内陸型工業地域
浜松市浜名区小松417番,81700.0,64000.0,233.0,7.0,60.0,150.0,650.0,34.788467,137.772018,exact,2026,27.0,特定用途制限地域など特例,遠州小松,中規模一般住宅が多い既成住宅地域
浜松市浜名区平口483番,41500.0,0.0,344.0,5.3,60.0,200.0,2500.0,34.799557,137.761536,exact,2026,13.7,指定なし（用途地域外）,浜北,一般住宅のほかに農地等が見られる住宅地域
浜松市浜名区引佐町井伊谷字田中2550番9,39750.0,0.0,202.0,6.0,60.0,200.0,2300.0,34.83419,137.675262,exact,2026,13.1,白地地域（都市計画区域内未指定）,金指,中規模一般住宅の中に空地等も見られる住宅地域
浜松市浜名区引佐町横尾字六地蔵前875番5,20100.0,0.0,472.0,8.0,60.0,200.0,4200.0,34.836216,137.660309,exact,2026,6.6,指定なし（用途地域外）,金指,一般住宅、農家住宅、店舗が混在する住宅地域
浜松市浜名区引佐町金指字東金指1029番6,43700.0,0.0,133.0,6.5,60.0,100.0,160.0,34.823235,137.680649,exact,2026,14.4,工業専用地域,金指,一般住宅等が建ち並ぶ利便性の良い既成住宅地域
浜松市浜名区新都田2-3-6,67850.0,54000.0,238.0,6.0,60.0,200.0,13000.0,34.821564,137.731094,exact,2026,22.4,工業専用地域,浜松,一般住宅が建ち並ぶ区画整然とした住宅地域
浜松市浜名区新都田4-4-3,36300.0,28000.0,13998.0,15.0,60.0,200.0,14000.0,34.821564,137.731094,exact,2026,12.0,第二種住居地域,浜松,中規模の工場が建ち並ぶ街区整然とした工業団地
浜松市浜名区於呂字立丁1982番2外,46500.0,0.0,365.0,7.0,60.0,200.0,500.0,34.836628,137.798691,exact,2026,15.4,指定なし（用途地域外）,遠州岩水寺,一般住宅、農家住宅等が混在する郊外の住宅地域
浜松市浜名区本沢合164番1,84200.0,67000.0,268.0,16.0,60.0,200.0,500.0,34.81216,137.799057,exact,2026,27.8,その他,遠州小林,郊外型の低層店舗事務所が建ち並ぶ路線商業地域
浜松市浜名区東美薗1324番2外,46600.0,0.0,195.0,4.6,60.0,200.0,1500.0,34.796207,137.803513,exact,2026,15.4,指定なし（用途地域外）,遠州小林,戸建住宅を中心に農地が多く見られる住宅地域
浜松市浜名区染地台4-6-25,75350.0,0.0,246.0,6.0,50.0,100.0,3700.0,34.784172,137.744492,exact,2026,24.9,準工業地域,遠州小松,一般住宅が建ち並ぶ新しく開発された住宅地域
浜松市浜名区横須賀字川原1384番2,78000.0,61000.0,223.0,4.5,60.0,150.0,480.0,34.788834,137.787369,exact,2026,25.8,工業専用地域,浜北,中規模住宅等の多い利便性の良い住宅地域
浜松市浜名区細江町中川字不動平7172番1520,41000.0,0.0,324.0,5.5,60.0,200.0,3800.0,34.806942,137.678391,exact,2026,13.6,指定なし（用途地域外）,気賀,農家住宅と畑地等が混在する台地上の住宅地域
浜松市浜名区細江町中川字川久保4911番14外,33700.0,0.0,230.0,4.0,60.0,150.0,1700.0,34.806942,137.678391,exact,2026,11.1,特定用途制限地域など特例,気賀,一般住宅の中に農地等が見られる既成住宅地域
浜松市浜名区細江町広岡字外平83番1,35200.0,0.0,216.0,5.0,60.0,100.0,1600.0,34.810371,137.65979,exact,2026,11.6,準工業地域,気賀,一般住宅の中に農地が見られる住宅地域
浜松市浜名区細江町気賀字上気賀853番2外,30800.0,0.0,267.0,4.0,60.0,150.0,700.0,34.802845,137.632553,exact,2026,10.2,特定用途制限地域など特例,気賀,一般住宅が密集する既成住宅地域
浜松市浜名区西中瀬2-6-19,70600.0,0.0,302.0,6.0,50.0,150.0,1200.0,34.821514,137.809357,exact,2026,23.3,工業専用地域,遠州芝本,一般住宅が増えつつある区画整然とした住宅地域
浜松市浜名区貴布祢字川田103番11外,91750.0,73000.0,252.0,17.0,80.0,400.0,200.0,34.795467,137.782883,exact,2026,30.3,第一種住居地域,浜北,中低層の店舗併用住宅を中心とする商業地域
浜松市浜名区都田町字前原8017番6,47650.0,0.0,260.0,8.0,60.0,200.0,13000.0,34.822887,137.726944,exact,2026,15.8,指定なし（用途地域外）,浜松,一般住宅、農地等が見られる台地上の住宅地域
