住所,lat,lon,位置精度,調査年,基準地m2単価円,坪単価万円,変動率,地積m2,前面道路幅員m,用途地域,区域区分,建蔽率,容積率,最寄駅,駅距離m,利用現況
静岡県 浜松市中央区三島町字中通５８９番３,34.6883325,137.7418944,exact,2025,70700,23.4,0.0,141,6.0,1住居,市街化,60,200,浜松,2000,住宅
静岡県 浜松市中央区三方原町２１４５番１外,34.7892014,137.7049803,exact,2025,62100,20.5,0.5,398,9.0,_,調区,60,200,浜松,11000,"住宅,店舗"
静岡県 浜松市中央区上島２丁目１１４９番１,34.7416508,137.7432708,exact,2025,98700,32.6,1.8,309,4.0,1住居,市街化,60,200,上島,280,住宅
静岡県 浜松市中央区上新屋町字高川１４８番外,34.7312667,137.7596161,exact,2025,57400,19.0,1.1,2042,6.0,工業,市街化,60,200,浜松,4600,工場
静岡県 浜松市中央区上浅田１丁目６３７番２,34.6957442,137.7263347,exact,2025,82800,27.4,0.9,165,6.6,1住居,市街化,60,200,浜松,1500,住宅
静岡県 浜松市中央区上西町字川田２６番８,34.7218225,137.7529653,exact,2025,98400,32.5,0.7,279,6.0,1住居,市街化,60,200,浜松,3300,住宅
静岡県 浜松市中央区中央２丁目１１０番１８,34.7093444,137.7377658,exact,2025,331000,109.4,3.8,236,25.0,商業,市街化,80,400,浜松,900,"住宅,店舗"
静岡県 浜松市中央区中島１丁目１０６１番,34.7033,137.7501067,exact,2025,94500,31.2,1.1,185,11.5,近商,市街化,80,200,浜松,1400,"住宅,店舗"
静岡県 浜松市中央区中田島町字浜新田１５３５番,34.6667542,137.7387192,exact,2025,21300,7.0,-2.7,243,6.5,2中専,市街化,60,200,浜松,4700,住宅
静岡県 浜松市中央区中野町字往還道北３９８番１外,34.7292986,137.7948803,exact,2025,60000,19.8,1.5,232,4.0,1住居,市街化,60,200,浜松,6400,住宅
静岡県 浜松市中央区丸塚町５４３番１６,34.7265586,137.7528761,exact,2025,99300,32.8,1.0,227,22.0,準住居,市街化,60,200,浜松,3600,事務所
静岡県 浜松市中央区佐藤１丁目２７４番,34.7150397,137.7471497,exact,2025,96200,31.8,1.2,185,6.0,2住居,市街化,60,200,浜松,2500,住宅
静岡県 浜松市中央区佐鳴台５丁目１２８番２外,34.7104408,137.6972819,exact,2025,124000,41.0,0.0,396,23.0,近商,市街化,80,200,浜松,4000,事務所
静岡県 浜松市中央区佐鳴台６丁目１２５番１１外,34.7029786,137.6910314,exact,2025,123000,40.7,0.0,228,6.0,1低専,市街化,40,60,浜松,4500,住宅
静岡県 浜松市中央区元浜町字三丁目１８０番２外,34.7156639,137.7329983,exact,2025,111000,36.7,0.9,123,8.2,商業,市街化,80,400,浜松,1600,"住宅,店舗"
静岡県 浜松市中央区元目町１２７番２５,34.7123922,137.7302811,exact,2025,121000,40.0,1.7,155,12.0,商業,市街化,80,500,浜松,1200,"住宅,店舗"
静岡県 浜松市中央区入野町字彦尾前７９２番３,34.7001414,137.6978225,exact,2025,91500,30.2,0.4,264,6.5,2住居,市街化,60,200,浜松,3700,住宅
静岡県 浜松市中央区入野町字村前９７８４番１外,34.6986569,137.678938,exact,2025,97000,32.1,0.8,1507,27.0,工業,市街化,60,200,浜松,5500,店舗
静岡県 浜松市中央区千歳町字後道７１番１,34.7044108,137.7306464,exact,2025,370000,122.3,2.8,88,7.0,商業,市街化,80,400,浜松,500,店舗
静岡県 浜松市中央区半田山５丁目２１４８番４,34.7754892,137.7400033,exact,2025,88800,29.4,0.6,209,6.0,1中専,市街化,60,200,浜松,9200,住宅
静岡県 浜松市中央区原島町字林１２８番３,34.7286661,137.7719711,exact,2025,84200,27.8,0.8,165,4.5,1住居,市街化,60,200,浜松,4900,住宅
静岡県 浜松市中央区向宿１丁目１００番２,34.7073547,137.7535272,exact,2025,83700,27.7,0.6,188,4.5,1住居,市街化,60,200,浜松,2200,住宅
静岡県 浜松市中央区和合町字中平２３７番３外,34.7363894,137.7130358,exact,2025,71000,23.5,1.1,208,4.5,1低専,市街化,50,80,浜松,5000,住宅
静岡県 浜松市中央区和田町字中島７９３番２,34.7216447,137.7661011,exact,2025,141000,46.6,2.2,2191,21.0,近商,市街化,80,200,浜松,4000,店舗
静岡県 浜松市中央区坪井町字中組北５４１１番,34.6839353,137.644125,exact,2025,41000,13.6,-0.2,314,5.3,1住居,市街化,60,200,浜松,9200,住宅
静岡県 浜松市中央区城北２丁目３３２番１０,34.7233325,137.7208253,exact,2025,116000,38.3,0.9,277,6.4,2中専,市街化,60,200,浜松,3000,住宅
静岡県 浜松市中央区増楽町１６４０番１,34.692058,137.6938956,exact,2025,69400,22.9,0.4,201,4.0,1住居,市街化,60,200,浜松,5000,住宅
静岡県 浜松市中央区大瀬町字鷺宮２７番９７,34.7561175,137.7629819,exact,2025,72400,23.9,0.7,196,6.0,1中専,市街化,60,200,さぎの宮,700,住宅
静岡県 浜松市中央区天神町３２６番１,34.7117542,137.7520939,exact,2025,91800,30.3,1.0,238,6.0,1住居,市街化,60,200,浜松,2400,住宅
静岡県 浜松市中央区安松町３３番６,34.6951625,137.7696314,exact,2025,75000,24.8,0.0,219,6.0,2中専,市街化,60,200,浜松,3800,住宅
静岡県 浜松市中央区富塚町字石田１２９９番３４,34.7287094,137.7060961,exact,2025,85400,28.2,0.4,200,5.0,1低専,市街化,50,80,浜松,5200,住宅
静岡県 浜松市中央区小沢渡町字村北５４２番２,34.6829911,137.6853211,exact,2025,40000,13.2,-0.5,178,4.2,_,調区,60,200,浜松,6000,住宅
静岡県 浜松市中央区小豆餅１丁目４０９番５外,34.7574792,137.7234428,exact,2025,85800,28.4,2.1,204,5.3,1住居,市街化,60,200,浜松,6900,住宅
静岡県 浜松市中央区小豆餅３丁目１４１６番７,34.7519689,137.7293989,exact,2025,82700,27.3,2.7,158,4.0,準工,市街化,60,200,浜松,6000,住宅
静岡県 浜松市中央区山手町４８９９番６外,34.7077067,137.7033889,exact,2025,166000,54.9,0.0,377,8.0,1中専,市街化,60,200,浜松,3500,住宅
静岡県 浜松市中央区常光町字一丁田１９４番６,34.7543178,137.7996375,exact,2025,40300,13.3,-0.2,297,6.8,_,調区,60,200,浜松,9700,住宅
静岡県 浜松市中央区常盤町１３２番１２外,34.7108058,137.7308083,exact,2025,169000,55.9,2.4,441,20.0,商業,市街化,80,500,浜松,950,事務所
静岡県 浜松市中央区幸１丁目２３３番２,34.7382086,137.7253544,exact,2025,88700,29.3,1.5,145,4.0,1住居,市街化,60,200,浜松,4500,住宅
静岡県 浜松市中央区幸２丁目２９４番１５,34.7374203,137.7316056,exact,2025,83000,27.4,0.0,287,4.5,1低専,市街化,40,60,浜松,4400,住宅
静岡県 浜松市中央区幸３丁目６４３番１６,34.7401247,137.7337503,exact,2025,84600,28.0,1.1,184,6.0,1中専,市街化,60,200,浜松,4600,住宅
静岡県 浜松市中央区志都呂町字東平３００番９１,34.7017053,137.6576633,exact,2025,77200,25.5,0.7,203,6.0,1中専,市街化,60,200,浜松,8000,住宅
静岡県 浜松市中央区文丘町１８番５,34.7255405,137.7137894,exact,2025,83700,27.7,0.7,189,4.0,1中専,市街化,60,200,浜松,3800,住宅
静岡県 浜松市中央区新橋町字村南１８５０番,34.6813072,137.6952736,exact,2025,43800,14.5,-0.2,201,8.2,_,調区,60,200,浜松,5700,住宅
静岡県 浜松市中央区新津町字下組６９５番外,34.7200464,137.7402353,exact,2025,124000,41.0,1.6,696,25.0,準住居,市街化,60,200,浜松,2100,店舗
静岡県 浜松市中央区本郷町字蓮の前４５２番,34.6946094,137.7611958,exact,2025,81000,26.8,0.0,180,8.0,2住居,市街化,60,200,浜松,3000,店舗
静岡県 浜松市中央区東伊場２丁目１１７７番５,34.6984417,137.7190964,exact,2025,111000,36.7,1.8,155,6.0,2住居,市街化,60,200,浜松,1900,住宅
静岡県 浜松市中央区松城町２１５番２７,34.7094369,137.7262761,exact,2025,146000,48.3,1.4,223,9.5,商業,市街化,80,500,浜松,1300,"住宅,店舗"
静岡県 浜松市中央区板屋町１０２番１３外,34.7072083,137.7332925,exact,2025,263000,86.9,3.1,396,10.0,商業,市街化,80,600,浜松,500,"住宅,店舗,事務所"
静岡県 浜松市中央区桜台１丁目１０８番,34.7705431,137.683228,exact,2025,35300,11.7,1.1,10538,8.0,工専,市街化,60,200,浜松,12000,工場
静岡県 浜松市中央区桜台３丁目１１５番１６,34.7689139,137.6696931,exact,2025,68600,22.7,0.7,188,6.0,1低専,市街化,50,80,浜松,13000,住宅
静岡県 浜松市中央区海老塚２丁目１１５番２,34.698005,137.7316678,exact,2025,108000,35.7,1.9,425,25.0,商業,市街化,80,500,浜松,880,"住宅,事務所"
静岡県 浜松市中央区田町３２４番７,34.707368,137.7308147,exact,2025,257000,85.0,2.4,106,20.0,商業,市街化,80,600,浜松,600,"住宅,店舗"
静岡県 浜松市中央区白羽町字大畑７０１番,34.6792161,137.7391647,exact,2025,36900,12.2,0.0,264,5.2,_,調区,60,200,浜松,3000,住宅
静岡県 浜松市中央区石原町字石原２９番,34.690043,137.77379,exact,2025,43900,14.5,-0.2,355,5.0,_,調区,60,200,浜松,4100,住宅
静岡県 浜松市中央区笠井町字西浦５２３番６,34.7697925,137.7970028,exact,2025,64800,21.4,0.5,196,6.8,1住居,市街化,60,200,浜松,10000,住宅
静岡県 浜松市中央区篠ケ瀬町字西藪田１３６４番１,34.7225808,137.7768153,exact,2025,97400,32.2,1.0,342,8.0,近商,市街化,80,300,天竜川,600,店舗
静岡県 浜松市中央区篠原町字西前２０５６０番,34.6839397,137.6611833,exact,2025,46500,15.4,0.0,267,5.5,1住居,市街化,60,200,浜松,7700,住宅
静岡県 浜松市中央区肴町３１６番３８,34.7072042,137.7296536,exact,2025,336000,111.1,3.4,277,10.0,商業,市街化,80,600,浜松,650,店舗
静岡県 浜松市中央区舘山寺町字将監畑２４５５番１,34.7605939,137.6134936,exact,2025,30400,10.0,-1.9,217,4.0,1住居,市街化,60,200,浜松,16000,住宅
静岡県 浜松市中央区舞阪町弁天島字千鳥園３１５４番４,34.6948486,137.6041567,exact,2025,25300,8.4,-0.4,145,4.2,1住居,市街化,60,200,弁天島,800,住宅
静岡県 浜松市中央区舞阪町浜田６９８番,34.6823269,137.6262022,exact,2025,37500,12.4,-0.3,183,4.0,準工,市街化,60,200,舞阪,550,住宅
静岡県 浜松市中央区舞阪町舞阪字仲町１９７６番１,34.684555,137.6110872,exact,2025,32300,10.7,-0.9,115,5.6,近商,市街化,80,200,弁天島,1100,"住宅,店舗"
静岡県 浜松市中央区芳川町字大橋前６４０番２,34.6875544,137.7655167,exact,2025,64200,21.2,0.0,242,6.9,1住居,市街化,60,200,浜松,3800,住宅
静岡県 浜松市中央区萩丘４丁目５１５番２０,34.7477417,137.7365147,exact,2025,88800,29.4,1.0,180,6.0,2中専,市街化,60,200,浜松,5600,住宅
静岡県 浜松市中央区葵東２丁目３７０番４７,34.7612342,137.7211594,exact,2025,102000,33.7,1.0,495,17.7,近商,市街化,80,300,浜松,7200,空地
静岡県 浜松市中央区薬師町字村中１０７番２外,34.7244619,137.7809453,exact,2025,81700,27.0,0.7,255,5.0,1住居,市街化,60,200,浜松,5100,住宅
静岡県 浜松市中央区蜆塚３丁目１９７２５番１５外,34.7138805,137.7052992,exact,2025,134000,44.3,0.0,357,6.0,1中専,市街化,60,200,浜松,3400,住宅
静岡県 浜松市中央区西ケ崎町字ヲキ１６１５番１,34.7724617,137.7652042,exact,2025,61400,20.3,0.0,287,4.4,_,調区,60,200,積志,800,住宅
静岡県 浜松市中央区西伊場町２７７０番２,34.70328,137.7052883,exact,2025,95500,31.6,1.4,247,6.0,1中専,市街化,60,200,浜松,3000,住宅
静岡県 浜松市中央区西山町字当り１０５５番８４,34.7356336,137.6860167,exact,2025,58200,19.2,0.0,194,5.0,_,調区,60,200,浜松,6900,住宅
静岡県 浜松市中央区西島町字横名６９６番７,34.6702761,137.7627539,exact,2025,21600,7.1,-2.7,178,5.0,_,調区,60,200,浜松,5700,住宅
静岡県 浜松市中央区遠州浜２丁目１７１７番２３,34.6577169,137.7702861,exact,2025,17100,5.7,-3.4,169,6.0,1中専,市街化,60,200,浜松,7300,住宅
静岡県 浜松市中央区都盛町字西恩地１７０番１外,34.6874114,137.7543042,exact,2025,41000,13.6,1.0,3503,6.3,工業,市街化,60,200,浜松,3300,工場
静岡県 浜松市中央区野口町字宮東２５７番１,34.7146619,137.7376119,exact,2025,121000,40.0,1.7,180,10.3,近商,市街化,80,300,浜松,1500,"住宅,店舗"
静岡県 浜松市中央区鍛冶町３２０番１８外,34.7059269,137.7305336,exact,2025,651000,215.2,4.5,231,36.0,商業,市街化,80,600,浜松,500,店舗
静岡県 浜松市中央区雄踏町宇布見字小山４７６１番１,34.6972442,137.6389328,exact,2025,55800,18.4,0.0,296,8.0,2中専,市街化,60,200,浜松,9100,住宅
静岡県 浜松市中央区雄踏町山崎字村前３５４２番２外,34.7104528,137.6216283,exact,2025,37400,12.4,-0.3,259,4.0,2中専,市街化,60,200,浜松,12000,住宅
静岡県 浜松市中央区高丘北１丁目１３２番７,34.7617617,137.7091189,exact,2025,89300,29.5,0.7,181,6.0,1住居,市街化,60,200,浜松,8400,住宅
静岡県 浜松市中央区高林３丁目５９９番１,34.7284211,137.7358383,exact,2025,109000,36.0,1.9,142,6.8,1住居,市街化,60,200,助信,750,住宅
静岡県 浜松市中央区高林５丁目８７６番１外,34.7329675,137.7344603,exact,2025,111000,36.7,1.8,1405,25.0,準住居,市街化,60,200,浜松,3800,店舗
静岡県 浜松市中央区鹿谷町７８０番,34.7166889,137.7193989,exact,2025,87700,29.0,0.3,142,4.2,1中専,市街化,60,200,浜松,2500,住宅
静岡県 浜松市天竜区二俣町鹿島字サビ１６０番１,34.8481319,137.8082264,exact,2025,51800,17.1,0.0,321,12.0,近商,市街化,80,200,西鹿島,180,店舗
静岡県 浜松市天竜区佐久間町佐久間２６６２番１,35.0922361,137.8073286,exact,2025,7750,2.6,-2.6,165,3.0,_,都計外,0,0,佐久間,400,住宅
静岡県 浜松市天竜区佐久間町奥領家１６７６番２,35.1417283,137.8615214,exact,2025,8010,2.6,-2.7,149,5.5,_,都計外,0,0,城西,1300,住宅
静岡県 浜松市天竜区佐久間町浦川２８４６番３２外,35.0553761,137.7632439,exact,2025,9610,3.2,-2.9,147,6.0,_,都計外,0,0,浦川,160,"住宅,店舗"
静岡県 浜松市天竜区大谷字田島９３番５,34.8726461,137.8176231,exact,2025,33500,11.1,-2.3,187,6.3,2住居,市街化,60,200,天竜二俣,2100,住宅
静岡県 浜松市天竜区春野町堀之内字犬居１２９番,34.9562544,137.891488,exact,2025,8080,2.7,-2.3,350,6.5,_,都計外,0,0,天竜二俣,16000,住宅
静岡県 浜松市天竜区春野町石打松下字堀田１５８番１１外,34.9975711,137.938103,exact,2025,4690,1.6,-2.7,310,4.5,_,都計外,0,0,天竜二俣,26000,住宅
静岡県 浜松市天竜区水窪町奥領家２５８１番外,35.15884,137.86869,exact,2025,10200,3.4,-2.9,241,6.5,_,都計外,0,0,向市場,600,店舗
静岡県 浜松市天竜区水窪町奥領家３３８３番１,35.17061,137.87014,exact,2025,8600,2.8,-2.9,140,4.5,_,都計外,0,0,水窪,840,住宅
静岡県 浜松市天竜区龍山町下平山字馬場２４７番９,35.008513,137.8401439,exact,2025,1180,0.4,-2.5,72,3.0,_,都計外,0,0,天竜二俣,22000,住宅
静岡県 浜松市天竜区龍山町戸倉字クモリ５６２番１５,34.9819639,137.8294439,exact,2025,2960,1.0,-2.3,209,4.5,_,都計外,0,0,天竜二俣,18000,住宅
静岡県 浜松市浜名区三ヶ日町三ヶ日字汐田９１４番４５,34.803463,137.5513539,exact,2025,38000,12.6,-2.3,126,9.2,近商,市街化,80,200,三ヶ日,110,"住宅,店舗"
静岡県 浜松市浜名区三ヶ日町大崎字西平１４１６番５外,34.7688736,137.5596392,exact,2025,14700,4.9,0.0,399,8.2,_,調区,60,200,都筑,3900,住宅
静岡県 浜松市浜名区三ヶ日町日比沢字瀬尻５８２番１６外,34.8068642,137.5289769,exact,2025,14800,4.9,-3.3,663,5.7,_,調区,60,200,三ヶ日,2500,住宅
静岡県 浜松市浜名区宮口字町坪５８９番５外,34.8261764,137.7712458,exact,2025,44200,14.6,0.0,222,7.0,_,調区,60,200,宮口,580,住宅
静岡県 浜松市浜名区寺島２９３３番２外,34.7852217,137.7940569,exact,2025,50100,16.6,0.0,294,4.4,_,調区,60,200,浜北,1400,住宅
静岡県 浜松市浜名区小松字大向４３４７番５外,34.784935,137.7767928,exact,2025,84800,28.0,0.6,180,16.0,商業,市街化,80,400,遠州小松,130,"住宅,店舗"
静岡県 浜松市浜名区小松４１７番,34.7894461,137.7788442,exact,2025,81300,26.9,0.7,233,7.0,2中専,市街化,60,150,遠州小松,650,住宅
静岡県 浜松市浜名区引佐町井伊谷字町西側５６８番１８,34.8341086,137.6735589,exact,2025,30600,10.1,-0.6,126,4.6,1中専,市街化,60,150,金指,2600,住宅
静岡県 浜松市浜名区引佐町井伊谷字町西側６５７番４外,34.8331622,137.6726842,exact,2025,36200,12.0,-1.1,157,7.5,近商,市街化,80,200,金指,2600,"住宅,店舗"
静岡県 浜松市浜名区引佐町金指字西金指１５８０番２９,34.8182597,137.6739628,exact,2025,44700,14.8,0.0,183,6.0,1低専,市街化,50,80,金指,850,住宅
静岡県 浜松市浜名区根堅字泉２３４７番１,34.8416658,137.7904897,exact,2025,36900,12.2,-0.3,359,8.7,_,調区,60,200,岩水寺,550,住宅
静岡県 浜松市浜名区細江町中川字桜ヶ丘８８８番２２５,34.8054805,137.6964886,exact,2025,45100,14.9,-0.2,190,6.0,1低専,市街化,50,80,金指,2400,住宅
静岡県 浜松市浜名区細江町小野字走落２８９番９,34.819695,137.6583011,exact,2025,24200,8.0,-1.2,329,9.3,_,調区,60,200,気賀,2200,住宅
静岡県 浜松市浜名区細江町気賀字上堀合３５７番１,34.8069861,137.65343,exact,2025,53100,17.6,-0.9,880,10.0,近商,市街化,80,200,気賀,360,店舗
静岡県 浜松市浜名区細江町気賀字山後１６１６番５２,34.79921,137.653615,exact,2025,35200,11.6,-0.3,199,6.3,1低専,市街化,60,100,気賀,1600,住宅
静岡県 浜松市浜名区西美薗字五本松６３３番６,34.797455,137.7945897,exact,2025,74500,24.6,1.8,208,5.0,1低専,市街化,40,60,美薗中央公園,620,住宅
静岡県 浜松市浜名区貴布祢２１５５番,34.7987689,137.7875186,exact,2025,86500,28.6,0.9,264,6.0,1低専,市街化,50,100,美薗中央公園,330,住宅
